customer_id,group_customer_id,reason
9572,7940,"Same business: Kool Freeze LLC (2), same town"
8634,4299,"Same business: Performance Heating & Air, non-tax account"
4801,4816,"Same business: Central Air Inc, Service vs Install account"
5917,748,"Same business: Gore Heating & A/C, Service non-tax vs Install taxable"
5815,963,"Same business: Nathan's Heating & Air Conditioning, same town"
8144,8003,"Same business: Coastal Mechanical, nearby town"
7727,4005,"Same business: Center Heating & A/C, taxable account"
6017,5738,"Same business: Certified Heating and Air, same town"
7612,7611,"Same business: Fisher's Mechanical HVAC, non-tax account; master links it"
5833,623,"Same business: Down South Heating & A/C, taxable vs non-tax"
8998,8997,"Same business: Jehovah Jireh Properties; master links it"
4712,8237,"Same business: Cool Breezes, same town"
8975,1119,"Same business: Sandhills Heating & Refrigeration, same town"
9253,9181,"Same business: Coastal Design Build, nearby town (Hubert vs Cedar Point)"
7159,6067,"Same business: JPROJECT Heat and Air, same town"
6768,6369,"Same business: Fayetteville Heating & Air, duplicate account"
5961,6369,"Same business: Fayetteville Heating & Air, duplicate account"
4276,8179,"Same business: Cumberland Trading Company, other location"
1,8179,"Same business: Cumberland Trading Company, other location"
8374,7485,"Same business: Cross Comfort, duplicate account (marked DO NOT USE)"
3932,7824,"Same business: CTC Supply, duplicate account"
6265,8836,"Master links XScott Service Company to Scott Service Company"
9321,353,"Master links All American Heating & Air (non Tax) to All American Heating & Air"
